{"cameraMode":{"drawMode":0,"name":"Shaded","section":"Shading Mode"},"sceneLighting":true,"audioPlay":false,"sceneViewState":{"showFog":true,"showMaterialUpdate":false,"showSkybox":true,"showFlares":true,"showImageEffects":true,"showParticleSystems":true,"showVisualEffectGraphs":true,"m_FxEnabled":true},"in2DMode":false,"pivot":{"x":0.15736237168312074,"y":-6.977790832519531,"z":58.974124908447269},"rotation":{"x":-0.15065908432006837,"y":0.05720225349068642,"z":-0.008753696456551552,"w":-0.9868309497833252},"size":20.621068954467775,"orthographic":false}